Workbook

Sheet Instrucciones
A1: KIT DE CARGA — Catálogo CR (223 versões) para QA / UAT · gerado 14/07
A3: PRÉ-REQUISITO (uma vez por org): deploy do deploy_precios_catalogo.zip via Workbench (Check Only antes) = 7 campos de precio + history + PS_Precios_Catalogo. Atribuir o PS ao seu usuário.
A5: PASSO 1 — Parametros: na org destino, rodar e colar os Ids na aba Parametros:
A6: Q1: SELECT Id, Name, IsStandard FROM Pricebook2 -> Id do Standard em Parametros!B2
A7: Se nao existir C101: importar a aba 0_Pricebooks (Inspector Data Import -> Pricebook2 -> Insert), re-rodar Q1 -> Id do C101 em Parametros!B3
A8: Q2: SELECT Id, Name FROM BusinessBrand WHERE Name IN ('Hyundai','Chevrolet','Isuzu','Cadillac') -> colar cada Id em Parametros!B4:B7 (faltou marca? criar na aba Business Brands antes)
A10: PASSO 2 — Produtos: aba 1_Product2 -> conferir que a coluna E preencheu -> selecionar A1:F218 -> copiar -> Inspector Data Import -> Object Product2 -> INSERT -> Run (esperado 217 Succeeded)
A12: PASSO 3 — Mapa: rodar SELECT ProductCode, Id FROM Product2 WHERE IsActive = true -> Copy (Excel format) -> colar em MapaProductos!A1
A14: PASSO 4 — Preço de lista: aba 2_PBE_Standard -> selecionar A1:E218 -> copiar -> Inspector -> PricebookEntry -> INSERT (217). SEMPRE antes do C101.
A16: PASSO 5 — Precios: aba 3_PBE_C101 -> selecionar A1:K218 -> copiar -> Inspector -> PricebookEntry -> INSERT (217)
A18: PROVA: SELECT Pricebook2.Name, COUNT(Id) FROM PricebookEntry GROUP BY Pricebook2.Name -> 217/217. Spot-check: ProductCode 0YS4D661V D D394 2025 no C101 = 31400/26900/21700/1600/3000
A20: NOTAS: moeda = a padrão da org (sem coluna CurrencyIsoCode; se a org destino tiver USD ativa e a decisão for USD, me pedir a versão com moeda). Não copiar as colunas de referência (G no 2_PBE, M no 3_PBE) — ficam fora do intervalo indicado.

Sheet Parametros
A1: Parámetro | B1: Id (colar da ORG DESTINO)
A2: Standard Price Book
A3: C101 - Vehiculos y Motos (CR)
A4: Hyundai
A5: Chevrolet
A6: Isuzu
A7: Cadillac

Sheet 0_Pricebooks
A1: Name | B1: IsActive | C1: Description
A2: C101 - Vehiculos y Motos (CR) | B2: true | C2: Lista de precios sociedad C101 Costa Rica
A3: C105 - Motos (CR) | B3: true | C3: Lista de precios sociedad C105 Active Motors CR (opcional nesta fase)

Sheet 1_Product2
A1: Name | B1: ProductCode | C1: Family | D1: MakeName | E1: BusinessBrandId | F1: IsActive
A2: Accent Sedan Limited 1.500 cc Gas T/A 2WD | B2: 0YS4D661V D D394 2025 | C2: Autos | D2: Hyundai | E2: =VLOOKUP(D2,Parametros!$A$4:$B$7,2,FALSE) | F2: true
A3: Accent Sedan Sport Plus 1.500 cc Gas T/A 2WD | B3: 0YS4D661V D D571 2025 | C3: Autos | D3: Hyundai | E3: =VLOOKUP(D3,Parametros!$A$4:$B$7,2,FALSE) | F3: true
A4: Accent Sedan Limited Plus 1.500 cc Gas T/A 2WD | B4: 0YS4D661V D D572 2025 | C4: Autos | D4: Hyundai | E4: =VLOOKUP(D4,Parametros!$A$4:$B$7,2,FALSE) | F4: true
A5: Accent Sedan Fun 1.500 cc Gas T/A 2WD | B5: 0YS4D661V D D720 2026 | C5: Autos | D5: Hyundai | E5: =VLOOKUP(D5,Parametros!$A$4:$B$7,2,FALSE) | F5: true
A6: Accent Sedan Limited Plus 1.500 cc Gas T/A 2WD | B6: 0YS4D661V D D743 2026 | C6: Autos | D6: Hyundai | E6: =VLOOKUP(D6,Parametros!$A$4:$B$7,2,FALSE) | F6: true
A7: COLORADO LTZ D/C 2.8L 4X4 T/A DSL | B7: 12L43-D 2025 | C7: Autos | D7: Chevrolet | E7: =VLOOKUP(D7,Parametros!$A$4:$B$7,2,FALSE) | F7: true
A8: COLORADO LTZ D/C 2.8L 4X4 T/A DSL | B8: 12L43-D 2026 | C8: Autos | D8: Chevrolet | E8: =VLOOKUP(D8,Parametros!$A$4:$B$7,2,FALSE) | F8: true
A9: COLORADO Z71 D/C 2.8L 4X4 T/A DSL | B9: 12L43-E 2026 | C9: Autos | D9: Chevrolet | E9: =VLOOKUP(D9,Parametros!$A$4:$B$7,2,FALSE) | F9: true
A10: COLORADO HC D/C 2.8L 4X4 T/A DSL | B10: 12L43-G 2025 | C10: Autos | D10: Chevrolet | E10: =VLOOKUP(D10,Parametros!$A$4:$B$7,2,FALSE) | F10: true
A11: COLORADO HC D/C 2.8L 4X4 T/A DSL | B11: 12L43-G 2026 | C11: Autos | D11: Chevrolet | E11: =VLOOKUP(D11,Parametros!$A$4:$B$7,2,FALSE) | F11: true
A12: TRAILBLAZER HC 2.8L 4X4 T/A DSL | B12: 12S26-G 2025 | C12: Autos | D12: Chevrolet | E12: =VLOOKUP(D12,Parametros!$A$4:$B$7,2,FALSE) | F12: true
A13: TRAILBLAZER HC 2.8L 4X4 T/A DSL | B13: 12S26-G 2026 | C13: Autos | D13: Chevrolet | E13: =VLOOKUP(D13,Parametros!$A$4:$B$7,2,FALSE) | F13: true
... A218: MU-X 4X4 3.0L T/A TELA (UJCL502) PREMIUM | B218: UJCL502 2026 | C218: Autos | D218: Isuzu | E218: =VLOOKUP(D218,Parametros!$A$4:$B$7,2,FALSE) | F218: true

Sheet MapaProductos
A1: << colar aqui o resultado de: SELECT ProductCode, Id FROM Product2 WHERE IsActive = true (Copy Excel format, com cabecalho) >>

Sheet 2_PBE_Standard
A1: Product2Id | B1: Pricebook2Id | C1: UnitPrice | D1: IsActive | E1: UseStandardPrice | G1: ProductCode (ref - NAO copiar)
A2: =VLOOKUP(G2,MapaProductos!$A:$B,2,FALSE) | B2: =Parametros!$B$2 | C2: 31400 | D2: true | E2: false | G2: 0YS4D661V D D394 2025
A3: =VLOOKUP(G3,MapaProductos!$A:$B,2,FALSE) | B3: =Parametros!$B$2 | C3: 30400 | D3: true | E3: false | G3: 0YS4D661V D D571 2025
A4: =VLOOKUP(G4,MapaProductos!$A:$B,2,FALSE) | B4: =Parametros!$B$2 | C4: 33400 | D4: true | E4: false | G4: 0YS4D661V D D572 2025
A5: =VLOOKUP(G5,MapaProductos!$A:$B,2,FALSE) | B5: =Parametros!$B$2 | C5: 30400 | D5: true | E5: false | G5: 0YS4D661V D D720 2026
A6: =VLOOKUP(G6,MapaProductos!$A:$B,2,FALSE) | B6: =Parametros!$B$2 | C6: 34400 | D6: true | E6: false | G6: 0YS4D661V D D743 2026
A7: =VLOOKUP(G7,MapaProductos!$A:$B,2,FALSE) | B7: =Parametros!$B$2 | C7: 62900 | D7: true | E7: false | G7: 12L43-D 2025
A8: =VLOOKUP(G8,MapaProductos!$A:$B,2,FALSE) | B8: =Parametros!$B$2 | C8: 63500 | D8: true | E8: false | G8: 12L43-D 2026
A9: =VLOOKUP(G9,MapaProductos!$A:$B,2,FALSE) | B9: =Parametros!$B$2 | C9: 59900 | D9: true | E9: false | G9: 12L43-E 2026
A10: =VLOOKUP(G10,MapaProductos!$A:$B,2,FALSE) | B10: =Parametros!$B$2 | C10: 65900 | D10: true | E10: false | G10: 12L43-G 2025
A11: =VLOOKUP(G11,MapaProductos!$A:$B,2,FALSE) | B11: =Parametros!$B$2 | C11: 65900 | D11: true | E11: false | G11: 12L43-G 2026
A12: =VLOOKUP(G12,MapaProductos!$A:$B,2,FALSE) | B12: =Parametros!$B$2 | C12: 67900 | D12: true | E12: false | G12: 12S26-G 2025
A13: =VLOOKUP(G13,MapaProductos!$A:$B,2,FALSE) | B13: =Parametros!$B$2 | C13: 68900 | D13: true | E13: false | G13: 12S26-G 2026
... A218: =VLOOKUP(G218,MapaProductos!$A:$B,2,FALSE) | B218: =Parametros!$B$2 | C218: 63900 | D218: true | E218: false | G218: UJCL502 2026

Sheet 3_PBE_C101
A1: Product2Id | B1: Pricebook2Id | C1: UnitPrice | D1: IsActive | E1: UseStandardPrice | F1: PrecioMinimoAsesor__c | G1: PrecioExonerado__c | H1: PrecioExoneradoMinimo__c | I1: Gastos__c | J1: MontoCashback__c | K1: AplicaCashback__c | M1: ProductCode (ref - NAO copiar)
A2: =VLOOKUP(M2,MapaProductos!$A:$B,2,FALSE) | B2: =Parametros!$B$3 | C2: 31400 | D2: true | E2: false | F2: 26900 | G2: 21700 | H2: 17900 | I2: 1600 | J2: 3000 | K2: false | M2: 0YS4D661V D D394 2025
A3: =VLOOKUP(M3,MapaProductos!$A:$B,2,FALSE) | B3: =Parametros!$B$3 | C3: 30400 | D3: true | E3: false | F3: 24400 | G3: 21300 | H3: 16800 | I3: 1600 | J3: 4500 | K3: false | M3: 0YS4D661V D D571 2025
A4: =VLOOKUP(M4,MapaProductos!$A:$B,2,FALSE) | B4: =Parametros!$B$3 | C4: 33400 | D4: true | E4: false | F4: 28900 | G4: 23100 | H4: 19200 | I4: 1600 | J4: 3000 | K4: false | M4: 0YS4D661V D D572 2025
A5: =VLOOKUP(M5,MapaProductos!$A:$B,2,FALSE) | B5: =Parametros!$B$3 | C5: 30400 | D5: true | E5: false | F5: 27400 | G5: 20600 | H5: 17500 | I5: 2000 | J5: 3000 | K5: false | M5: 0YS4D661V D D720 2026
A6: =VLOOKUP(M6,MapaProductos!$A:$B,2,FALSE) | B6: =Parametros!$B$3 | C6: 34400 | D6: true | E6: false | F6: 30900 | G6: 23700 | H6: 20100 | I6: 1600 | J6: 3000 | K6: false | M6: 0YS4D661V D D743 2026
A7: =VLOOKUP(M7,MapaProductos!$A:$B,2,FALSE) | B7: =Parametros!$B$3 | C7: 62900 | D7: true | E7: false | F7: 54700 | G7: 41337.5 | H7: 62400 | I7: 1900 | K7: false | M7: 12L43-D 2025
A8: =VLOOKUP(M8,MapaProductos!$A:$B,2,FALSE) | B8: =Parametros!$B$3 | C8: 63500 | D8: true | E8: false | F8: 58400 | G8: 41688.75 | H8: 63000 | I8: 1900 | K8: false | M8: 12L43-D 2026
A9: =VLOOKUP(M9,MapaProductos!$A:$B,2,FALSE) | B9: =Parametros!$B$3 | C9: 59900 | D9: true | E9: false | F9: 54800 | G9: 39626.25 | H9: 59400 | I9: 1800 | K9: false | M9: 12L43-E 2026
A10: =VLOOKUP(M10,MapaProductos!$A:$B,2,FALSE) | B10: =Parametros!$B$3 | C10: 65900 | D10: true | E10: false | F10: 57700 | G10: 43478.75 | H10: 65400 | I10: 2100 | K10: false | M10: 12L43-G 2025
A11: =VLOOKUP(M11,MapaProductos!$A:$B,2,FALSE) | B11: =Parametros!$B$3 | C11: 65900 | D11: true | E11: false | F11: 60800 | G11: 43848.75 | H11: 65400 | I11: 2100 | K11: false | M11: 12L43-G 2026
A12: =VLOOKUP(M12,MapaProductos!$A:$B,2,FALSE) | B12: =Parametros!$B$3 | C12: 67900 | D12: true | E12: false | F12: 59800 | G12: 43805 | H12: 67400 | I12: 2100 | K12: false | M12: 12S26-G 2025
A13: =VLOOKUP(M13,MapaProductos!$A:$B,2,FALSE) | B13: =Parametros!$B$3 | C13: 68900 | D13: true | E13: false | F13: 64800 | G13: 44602.5 | H13: 68400 | I13: 2100 | K13: false | M13: 12S26-G 2026
A14: =VLOOKUP(M14,MapaProductos!$A:$B,2,FALSE) | B14: =Parametros!$B$3 | C14: 27900 | D14: true | E14: false | F14: 27500 | G14: 27900 | H14: 25800 | I14: 800 | K14: false | M14: 1E426-A 2026
A15: =VLOOKUP(M15,MapaProductos!$A:$B,2,FALSE) | B15: =Parametros!$B$3 | C15: 27900 | D15: true | E15: false | F15: 27500 | G15: 27900 | H15: 25800 | I15: 800 | K15: false | M15: 1E426-B 2026
A16: =VLOOKUP(M16,MapaProductos!$A:$B,2,FALSE) | B16: =Parametros!$B$3 | C16: 28900 | D16: true | E16: false | F16: 27100 | G16: 20990 | H16: 28900 | I16: 900 | K16: false | M16: 1EH76-C 2026
A17: =VLOOKUP(M17,MapaProductos!$A:$B,2,FALSE) | B17: =Parametros!$B$3 | C17: 33900 | D17: true | E17: false | F17: 28800 | G17: 21027.5 | H17: 33400 | I17: 900 | K17: false | M17: 1EH76-R 2025
A18: =VLOOKUP(M18,MapaProductos!$A:$B,2,FALSE) | B18: =Parametros!$B$3 | C18: 35500 | D18: true | E18: false | F18: 28900 | G18: 22555 | H18: 35000 | I18: 1000 | K18: false | M18: 1EJ76-D 2025
A19: =VLOOKUP(M19,MapaProductos!$A:$B,2,FALSE) | B19: =Parametros!$B$3 | C19: 32500 | D19: true | E19: false | F19: 31000 | G19: 22768 | H19: 32500 | I19: 1000 | K19: false | M19: 1EJ76-D 2026
A20: =VLOOKUP(M20,MapaProductos!$A:$B,2,FALSE) | B20: =Parametros!$B$3 | C20: 38400 | D20: true | E20: false | F20: 31830 | G20: 26970 | H20: 24070 | I20: 1800 | J20: 4000 | K20: false | M20: 1EW52J61V D D466 2025
A21: =VLOOKUP(M21,MapaProductos!$A:$B,2,FALSE) | B21: =Parametros!$B$3 | C21: 39400 | D21: true | E21: false | F21: 32830 | G21: 27570 | H21: 23670 | I21: 1800 | J21: 5000 | K21: false | M21: 1EW52J61V D D579 2025
A22: =VLOOKUP(M22,MapaProductos!$A:$B,2,FALSE) | B22: =Parametros!$B$3 | C22: 40400 | D22: true | E22: false | F22: 33830 | G22: 28270 | H22: 23870 | I22: 1800 | J22: 5000 | K22: false | M22: 1EW52J61V D D579 2026
A23: =VLOOKUP(M23,MapaProductos!$A:$B,2,FALSE) | B23: =Parametros!$B$3 | C23: 35400 | D23: true | E23: false | F23: 31830 | G23: 24370 | H23: 21270 | I23: 1800 | J23: 3000 | K23: false | M23: 1EW52J61V D D591 2025
A24: =VLOOKUP(M24,MapaProductos!$A:$B,2,FALSE) | B24: =Parametros!$B$3 | C24: 45600 | D24: true | E24: false | F24: 42030 | G24: 31370 | H24: 27870 | I24: 2000 | J24: 3000 | K24: false | M24: 1EW5D5G1K D D467 2025
A25: =VLOOKUP(M25,MapaProductos!$A:$B,2,FALSE) | B25: =Parametros!$B$3 | C25: 42500 | D25: true | E25: false | F25: 34930 | G25: 29670 | H25: 27770 | I25: 1900 | J25: 5000 | K25: false | M25: 1EW5D5G1K D D468. 2025
A26: =VLOOKUP(M26,MapaProductos!$A:$B,2,FALSE) | B26: =Parametros!$B$3 | C26: 48600 | D26: true | E26: false | F26: 45030 | G26: 33670 | H26: 30170 | I26: 2000 | J26: 3000 | K26: false | M26: 1EW5D5G1K D D690. 2026
A27: =VLOOKUP(M27,MapaProductos!$A:$B,2,FALSE) | B27: =Parametros!$B$3 | C27: 43500 | D27: true | E27: false | F27: 35930 | G27: 30470 | H27: 28170 | I27: 1900 | J27: 5000 | K27: false | M27: 1EW5D5G1K D D691. 2025
A28: =VLOOKUP(M28,MapaProductos!$A:$B,2,FALSE) | B28: =Parametros!$B$3 | C28: 57200 | D28: true | E28: false | F28: 41100 | G28: 57200 | H28: 41100 | I28: 2800 | J28: 16100 | K28: false | M28: 1FW5ZHZ7Z D D106 2024
A29: =VLOOKUP(M29,MapaProductos!$A:$B,2,FALSE) | B29: =Parametros!$B$3 | C29: 59100 | D29: true | E29: false | F29: 50100 | G29: 59100 | H29: 50100 | I29: 2800 | J29: 9000 | K29: false | M29: 1FW5ZHZ7Z D D123 2025
A30: =VLOOKUP(M30,MapaProductos!$A:$B,2,FALSE) | B30: =Parametros!$B$3 | C30: 48800 | D30: true | E30: false | F30: 37800 | G30: 48800 | H30: 38800 | I30: 2500 | J30: 10000 | K30: false | M30: 1FW5ZHZ7Z D D137 2025
A31: =VLOOKUP(M31,MapaProductos!$A:$B,2,FALSE) | B31: =Parametros!$B$3 | C31: 59100 | D31: true | E31: false | F31: 50100 | G31: 59100 | H31: 50100 | I31: 2800 | J31: 9000 | K31: false | M31: 1FW5ZHZ7Z D D202 2025
... A34: =VLOOKUP(M34,MapaProductos!$A:$B,2,FALSE) | B34: =Parametros!$B$3 | C34: 59100 | D34: true | E34: false | F34: 55100 | G34: 59100 | H34: 55100 | I34: 2600 | J34: 4000 | K34: false | M34: 1FW5ZHZ7Z D D259 2026
A35: =VLOOKUP(M35,MapaProductos!$A:$B,2,FALSE) | B35: =Parametros!$B$3 | C35: 22500 | D35: true | E35: false | F35: 18000 | G35: 17256.64 | H35: 19940.74 | I35: 600 | K35: false | M35: 1HH26AC-B 2025
A36: =VLOOKUP(M36,MapaProductos!$A:$B,2,FALSE) | B36: =Parametros!$B$3 | C36: 22500 | D36: true | E36: false | F36: 19400 | G36: 13355 | H36: 22000 | I36: 600 | K36: false | M36: 1HH26AC-B 2026
A37: =VLOOKUP(M37,MapaProductos!$A:$B,2,FALSE) | B37: =Parametros!$B$3 | C37: 84500 | D37: true | E37: false | F37: 79400 | G37: 55216.3 | H37: 84000 | I37: 2500 | K37: false | M37: 1LB56-D 2025
A38: =VLOOKUP(M38,MapaProductos!$A:$B,2,FALSE) | B38: =Parametros!$B$3 | C38: 86500 | D38: true | E38: false | F38: 83400 | G38: 56233 | H38: 86067 | I38: 2500 | K38: false | M38: 1LB56-D 2026
A39: =VLOOKUP(M39,MapaProductos!$A:$B,2,FALSE) | B39: =Parametros!$B$3 | C39: 67900 | D39: true | E39: false | F39: 54800 | G39: 48658.4 | H39: 67400 | I39: 1900 | K39: false | M39: 1NR26-D 2023
A40: =VLOOKUP(M40,MapaProductos!$A:$B,2,FALSE) | B40: =Parametros!$B$3 | C40: 74900 | D40: true | E40: false | F40: 59800 | G40: 49034.34 | H40: 74400 | I40: 2100 | K40: false | M40: 1NS26-G 2024
A41: =VLOOKUP(M41,MapaProductos!$A:$B,2,FALSE) | B41: =Parametros!$B$3 | C41: 37900 | D41: true | E41: false | F41: 31000 | G41: 22092.5 | H41: 37400 | I41: 1000 | K41: false | M41: 1SD26-B 2025
A42: =VLOOKUP(M42,MapaProductos!$A:$B,2,FALSE) | B42: =Parametros!$B$3 | C42: 37900 | D42: true | E42: false | F42: 33800 | G42: 20210 | H42: 37690 | I42: 1000 | K42: false | M42: 1SD26-B 2026
A43: =VLOOKUP(M43,MapaProductos!$A:$B,2,FALSE) | B43: =Parametros!$B$3 | C43: 42000 | D43: true | E43: false | F43: 35900 | G43: 25598.75 | H43: 41500 | I43: 1200 | K43: false | M43: 1SE26-C 2025
A44: =VLOOKUP(M44,MapaProductos!$A:$B,2,FALSE) | B44: =Parametros!$B$3 | C44: 41500 | D44: true | E44: false | F44: 33400 | G44: 27431.75 | H44: 41000 | I44: 1100 | K44: false | M44: 1TU58-B 2024
A45: =VLOOKUP(M45,MapaProductos!$A:$B,2,FALSE) | B45: =Parametros!$B$3 | C45: 38900 | D45: true | E45: false | F45: 32800 | G45: 25463.75 | H45: 38400 | I45: 1100 | K45: false | M45: 1TU58-B 2025
A46: =VLOOKUP(M46,MapaProductos!$A:$B,2,FALSE) | B46: =Parametros!$B$3 | C46: 44500 | D46: true | E46: false | F46: 34500 | G46: 29500 | H46: 42500 | I46: 1200 | K46: false | M46: 1TU58-C 2025
... A55: =VLOOKUP(M55,MapaProductos!$A:$B,2,FALSE) | B55: =Parametros!$B$3 | C55: 199900 | D55: true | E55: false | F55: 195800 | G55: 125643 | H55: 199400 | I55: 7200 | K55: false | M55: 1YC67-B 2026
A56: =VLOOKUP(M56,MapaProductos!$A:$B,2,FALSE) | B56: =Parametros!$B$3 | C56: 67850 | D56: true | E56: false | F56: 63050 | G56: 46800 | H56: 42000 | I56: 3150 | J56: 4000 | K56: false | M56: 6HW7L9A1K D D211 2026
A57: =VLOOKUP(M57,MapaProductos!$A:$B,2,FALSE) | B57: =Parametros!$B$3 | C57: 60750 | D57: true | E57: false | F57: 55950 | G57: 41600 | H57: 37200 | I57: 3050 | J57: 4000 | K57: false | M57: 6HW7L9A1K D D217 2026
A58: =VLOOKUP(M58,MapaProductos!$A:$B,2,FALSE) | B58: =Parametros!$B$3 | C58: 195900 | D58: true | E58: false | F58: 190800 | G58: 123812 | H58: 195088 | I58: 5100 | K58: false | M58: 6K10706-A 2026
A59: =VLOOKUP(M59,MapaProductos!$A:$B,2,FALSE) | B59: =Parametros!$B$3 | C59: 183900 | D59: true | E59: false | F59: 162900 | G59: 122900 | H59: 178400 | I59: 5200 | K59: false | M59: 6K10706-B 2024
A60: =VLOOKUP(M60,MapaProductos!$A:$B,2,FALSE) | B60: =Parametros!$B$3 | C60: 193900 | D60: true | E60: false | F60: 180000 | G60: 80500 | H60: 190800 | I60: 5100 | K60: false | M60: 6K10706-B 2025
A61: =VLOOKUP(M61,MapaProductos!$A:$B,2,FALSE) | B61: =Parametros!$B$3 | C61: 195900 | D61: true | E61: false | F61: 190800 | G61: 123810 | H61: 195400 | I61: 5100 | K61: false | M61: 6K10706-L 2026
A62: =VLOOKUP(M62,MapaProductos!$A:$B,2,FALSE) | B62: =Parametros!$B$3 | C62: 199900 | D62: true | E62: false | F62: 194800 | G62: 126972 | H62: 198928 | I62: 5300 | K62: false | M62: 6K10906-A 2026
A63: =VLOOKUP(M63,MapaProductos!$A:$B,2,FALSE) | B63: =Parametros!$B$3 | C63: 198900 | D63: true | E63: false | F63: 193800 | G63: 82000 | H63: 186550 | I63: 5300 | K63: false | M63: 6K10906-B 2025
A64: =VLOOKUP(M64,MapaProductos!$A:$B,2,FALSE) | B64: =Parametros!$B$3 | C64: 105000 | D64: true | E64: false | F64: 96000 | G64: 105000 | H64: 96000 | I64: 3500 | K64: false | M64: 6MC26-F 2025
A65: =VLOOKUP(M65,MapaProductos!$A:$B,2,FALSE) | B65: =Parametros!$B$3 | C65: 160000 | D65: true | E65: false | F65: 151900 | G65: 160000 | H65: 151900 | I65: 4500 | K65: false | M65: 6MD26-V 2026
A66: =VLOOKUP(M66,MapaProductos!$A:$B,2,FALSE) | B66: =Parametros!$B$3 | C66: 79900 | D66: true | E66: false | F66: 68900 | G66: 53500 | H66: 76800 | I66: 2300 | K66: false | M66: 6NJ26-F 2024
A67: =VLOOKUP(M67,MapaProductos!$A:$B,2,FALSE) | B67: =Parametros!$B$3 | C67: 73900 | D67: true | E67: false | F67: 63900 | G67: 49800 | H67: 71900 | I67: 2200 | K67: false | M67: 6ZE26-F 2024
A68: =VLOOKUP(M68,MapaProductos!$A:$B,2,FALSE) | B68: =Parametros!$B$3 | C68: 86900 | D68: true | E68: false | F68: 83800 | G68: 58539 | H68: 86900 | I68: 2900 | K68: false | M68: CK10543-B 2026
A69: =VLOOKUP(M69,MapaProductos!$A:$B,2,FALSE) | B69: =Parametros!$B$3 | C69: 94500 | D69: true | E69: false | F69: 88122 | G69: 66300 | H69: 88400 | I69: 2700 | K69: false | M69: CK10543-D. 2024
... A87: =VLOOKUP(M87,MapaProductos!$A:$B,2,FALSE) | B87: =Parametros!$B$3 | C87: 122900 | D87: true | E87: false | F87: 120400 | G87: 84928 | H87: 122400 | I87: 3800 | K87: false | M87: CK10906-G 2026
A88: =VLOOKUP(M88,MapaProductos!$A:$B,2,FALSE) | B88: =Parametros!$B$3 | C88: 33900 | D88: true | E88: false | F88: 31900 | G88: 23200 | H88: 20400 | I88: 2100 | J88: 2000 | K88: false | M88: D3W5D2G1U GGDQ3. 2026
A89: =VLOOKUP(M89,MapaProductos!$A:$B,2,FALSE) | B89: =Parametros!$B$3 | C89: 42590 | D89: true | E89: false | F89: 34540 | G89: 29350 | H89: 24300 | I89: 1700 | J89: 7500 | K89: false | M89: FHWC2J61F G G0EI. 2025
A90: =VLOOKUP(M90,MapaProductos!$A:$B,2,FALSE) | B90: =Parametros!$B$3 | C90: 44900 | D90: true | E90: false | F90: 37350 | G90: 31350 | H90: 24600 | I90: 1700 | J90: 7000 | K90: false | M90: FHWC2J61F G G0VX 2026
A91: =VLOOKUP(M91,MapaProductos!$A:$B,2,FALSE) | B91: =Parametros!$B$3 | C91: 43590 | D91: true | E91: false | F91: 35040 | G91: 30350 | H91: 23400 | I91: 1700 | J91: 8000 | K91: false | M91: FHWC2J61F G G498 2025
A92: =VLOOKUP(M92,MapaProductos!$A:$B,2,FALSE) | B92: =Parametros!$B$3 | C92: 66900 | D92: true | E92: false | F92: 65225 | G92: 62300 | H92: 53534 | I92: 1500 | K92: false | M92: FRR90SL-MAPES 2026
A93: =VLOOKUP(M93,MapaProductos!$A:$B,2,FALSE) | B93: =Parametros!$B$3 | C93: 68250 | D93: true | E93: false | F93: 67200 | G93: 54400 | H93: 67350 | I93: 1500 | K93: false | M93: FRR90SL-MAPES 2027
A94: =VLOOKUP(M94,MapaProductos!$A:$B,2,FALSE) | B94: =Parametros!$B$3 | C94: 76500 | D94: true | E94: false | F94: 74585 | G94: 67700 | H94: 64942 | I94: 1600 | K94: false | M94: FTR34SL-PDPEN 2026
A95: =VLOOKUP(M95,MapaProductos!$A:$B,2,FALSE) | B95: =Parametros!$B$3 | C95: 91500 | D95: true | E95: false | F95: 89210 | G95: 71500 | H95: 89239 | I95: 1700 | K95: false | M95: FVR34UL-QDPES 2026
A96: =VLOOKUP(M96,MapaProductos!$A:$B,2,FALSE) | B96: =Parametros!$B$3 | C96: 103900 | D96: true | E96: false | F96: 101300 | G96: 81400 | H96: 102195 | I96: 1800 | K96: false | M96: FVZ34UL-TDPES 2026
A97: =VLOOKUP(M97,MapaProductos!$A:$B,2,FALSE) | B97: =Parametros!$B$3 | C97: 106000 | D97: true | E97: false | F97: 104400 | G97: 83900 | H97: 104600 | I97: 1800 | K97: false | M97: FVZ34UL-TDPES 2027
A98: =VLOOKUP(M98,MapaProductos!$A:$B,2,FALSE) | B98: =Parametros!$B$3 | C98: 67990 | D98: true | E98: false | F98: 56990 | G98: 67990 | H98: 56990 | I98: 2500 | J98: 11000 | K98: false | M98: GIW5YCZ7Z D D07X 2025
A99: =VLOOKUP(M99,MapaProductos!$A:$B,2,FALSE) | B99: =Parametros!$B$3 | C99: 47900 | D99: true | E99: false | F99: 42330 | G99: 33270 | H99: 28170 | I99: 2000 | J99: 5000 | K99: false | M99: GVW52J61F D D184 2026
A100: =VLOOKUP(M100,MapaProductos!$A:$B,2,FALSE) | B100: =Parametros!$B$3 | C100: 42900 | D100: true | E100: false | F100: 36990 | G100: 29870 | H100: 24670 | I100: 2000 | J100: 5340 | K100: false | M100: GVW52J61F D D185 2026
A101: =VLOOKUP(M101,MapaProductos!$A:$B,2,FALSE) | B101: =Parametros!$B$3 | C101: 49900 | D101: true | E101: false | F101: 44330 | G101: 34670 | H101: 29570 | I101: 2000 | J101: 5000 | K101: false | M101: GVW52J61G D D184 2026
A102: =VLOOKUP(M102,MapaProductos!$A:$B,2,FALSE) | B102: =Parametros!$B$3 | C102: 40500 | D102: true | E102: false | F102: 33430 | G102: 28070 | H102: 23170 | I102: 1900 | J102: 6500 | K102: false | M102: GWWD2J61F D D0ZH 2024
A103: =VLOOKUP(M103,MapaProductos!$A:$B,2,FALSE) | B103: =Parametros!$B$3 | C103: 46500 | D103: true | E103: false | F103: 40430 | G103: 32470 | H103: 27070 | I103: 1900 | J103: 5500 | K103: false | M103: GWWD2J61F D D1I3 2025
A104: =VLOOKUP(M104,MapaProductos!$A:$B,2,FALSE) | B104: =Parametros!$B$3 | C104: 48600 | D104: true | E104: false | F104: 43030 | G104: 33870 | H104: 28870 | I104: 2000 | J104: 5000 | K104: false | M104: GWWD2J61F D D21T 2026
A105: =VLOOKUP(M105,MapaProductos!$A:$B,2,FALSE) | B105: =Parametros!$B$3 | C105: 42500 | D105: true | E105: false | F105: 36430 | G105: 29470 | H105: 24070 | I105: 1900 | J105: 5500 | K105: false | M105: GWWD2J61F D D21U 2025
A106: =VLOOKUP(M106,MapaProductos!$A:$B,2,FALSE) | B106: =Parametros!$B$3 | C106: 42900 | D106: true | E106: false | F106: 36990 | G106: 30170 | H106: 26570 | I106: 1900 | J106: 3340 | K106: false | M106: GWWD2J61F D D21U 2026
A107: =VLOOKUP(M107,MapaProductos!$A:$B,2,FALSE) | B107: =Parametros!$B$3 | C107: 47100 | D107: true | E107: false | F107: 42030 | G107: 32570 | H107: 28370 | I107: 2000 | J107: 4500 | K107: false | M107: GWWD2J61F D D25T. 2025
A108: =VLOOKUP(M108,MapaProductos!$A:$B,2,FALSE) | B108: =Parametros!$B$3 | C108: 43500 | D108: true | E108: false | F108: 36430 | G108: 30370 | H108: 24370 | I108: 1900 | J108: 6500 | K108: false | M108: GWWD2J61G D D1I8 2024
A109: =VLOOKUP(M109,MapaProductos!$A:$B,2,FALSE) | B109: =Parametros!$B$3 | C109: 49600 | D109: true | E109: false | F109: 42990 | G109: 34470 | H109: 28770 | I109: 2000 | J109: 6040 | K109: false | M109: GWWD2J61G D D21T 2025
... A152: =VLOOKUP(M152,MapaProductos!$A:$B,2,FALSE) | B152: =Parametros!$B$3 | C152: 86900 | D152: true | E152: false | F152: 79900 | G152: 78200 | H152: 67100 | I152: 4600 | J152: 7000 | K152: false | M152: MHA3FRAD5VT1 A219 2026
A153: =VLOOKUP(M153,MapaProductos!$A:$B,2,FALSE) | B153: =Parametros!$B$3 | C153: 31500 | D153: true | E153: false | F153: 29900 | G153: 27100 | H153: 29476 | I153: 1300 | K153: false | M153: NLR85L-EE1AY 2026
A154: =VLOOKUP(M154,MapaProductos!$A:$B,2,FALSE) | B154: =Parametros!$B$3 | C154: 38950 | D154: true | E154: false | F154: 37975 | G154: 30100 | H154: 36972 | I154: 1400 | K154: false | M154: NMR85L-EH5AY 2026
A155: =VLOOKUP(M155,MapaProductos!$A:$B,2,FALSE) | B155: =Parametros!$B$3 | C155: 39950 | D155: true | E155: false | F155: 38950 | G155: 30900 | H155: 37984 | I155: 1500 | K155: false | M155: NMR85L-HH5AY 2026
A156: =VLOOKUP(M156,MapaProductos!$A:$B,2,FALSE) | B156: =Parametros!$B$3 | C156: 38900 | D156: true | E156: false | F156: 36900 | G156: 33300 | H156: 36971 | I156: 1500 | K156: false | M156: NMR85L-HH5WY 2024
A157: =VLOOKUP(M157,MapaProductos!$A:$B,2,FALSE) | B157: =Parametros!$B$3 | C157: 41500 | D157: true | E157: false | F157: 39500 | G157: 35400 | H157: 40313 | I157: 1550 | K157: false | M157: NMR85L-HH5WY 2025
A158: =VLOOKUP(M158,MapaProductos!$A:$B,2,FALSE) | B158: =Parametros!$B$3 | C158: 45950 | D158: true | E158: false | F158: 44800 | G158: 35600 | H158: 44056 | I158: 1650 | K158: false | M158: NMR85L-HH5WY 2026
A159: =VLOOKUP(M159,MapaProductos!$A:$B,2,FALSE) | B159: =Parametros!$B$3 | C159: 48900 | D159: true | E159: false | F159: 47400 | G159: 39900 | H159: 47173 | I159: 1750 | K159: false | M159: NPR75L-KL5VAYN 2026
A160: =VLOOKUP(M160,MapaProductos!$A:$B,2,FALSE) | B160: =Parametros!$B$3 | C160: 39900 | D160: true | E160: false | F160: 39000 | G160: 34300 | H160: 37986 | I160: 1500 | K160: false | M160: NPR85L-HJ5VAY 2025
A161: =VLOOKUP(M161,MapaProductos!$A:$B,2,FALSE) | B161: =Parametros!$B$3 | C161: 42500 | D161: true | E161: false | F161: 41500 | G161: 35600 | H161: 41215 | I161: 1600 | K161: false | M161: NPR85L-HJ5VAY 2026
A162: =VLOOKUP(M162,MapaProductos!$A:$B,2,FALSE) | B162: =Parametros!$B$3 | C162: 62900 | D162: true | E162: false | F162: 61325 | G162: 76800 | H162: 33917 | I162: 2200 | K162: false | M162: NPS75L-HL5VAYN 2026
A163: =VLOOKUP(M163,MapaProductos!$A:$B,2,FALSE) | B163: =Parametros!$B$3 | C163: 64250 | D163: true | E163: false | F163: 63200 | G163: 50900 | H163: 63350 | I163: 2200 | K163: false | M163: NPS75L-HL5VAYN 2027
A164: =VLOOKUP(M164,MapaProductos!$A:$B,2,FALSE) | B164: =Parametros!$B$3 | C164: 66900 | D164: true | E164: false | F164: 65225 | G164: 60600 | H164: 56554 | I164: 2400 | K164: false | M164: NPS75L-HL5VWYN 2026
... A172: =VLOOKUP(M172,MapaProductos!$A:$B,2,FALSE) | B172: =Parametros!$B$3 | C172: 26900 | D172: true | E172: false | F172: 26230 | G172: 22100 | H172: 24800 | I172: 1200 | K172: false | M172: QLR77L-EE1AYCON 2026
A173: =VLOOKUP(M173,MapaProductos!$A:$B,2,FALSE) | B173: =Parametros!$B$3 | C173: 51700 | D173: true | E173: false | F173: 43700 | G173: 35400 | H173: 29600 | I173: 2800 | J173: 7500 | K173: false | M173: S1W7L961G D D0RX 2024
A174: =VLOOKUP(M174,MapaProductos!$A:$B,2,FALSE) | B174: =Parametros!$B$3 | C174: 85990 | D174: true | E174: false | F174: 77990 | G174: 58700 | H174: 50600 | I174: 4200 | J174: 8000 | K174: false | M174: S8W72FC5K G G3RP 2025
A175: =VLOOKUP(M175,MapaProductos!$A:$B,2,FALSE) | B175: =Parametros!$B$3 | C175: 85990 | D175: true | E175: false | F175: 77990 | G175: 58600 | H175: 50000 | I175: 4200 | J175: 8000 | K175: false | M175: S8W72FC5K G G40T 2025
A176: =VLOOKUP(M176,MapaProductos!$A:$B,2,FALSE) | B176: =Parametros!$B$3 | C176: 31990 | D176: true | E176: false | F176: 25470 | G176: 22220 | H176: 17520 | I176: 1400 | J176: 6000 | K176: false | M176: SPW5K2G1U D D525 2026
...
